date,open,high,low,close,volume
2020-07-27,1.01,1.025,0.9888,1.004,79164
2020-07-28,1.004,1.009,0.9825,0.9863,123888
2020-07-29,0.9963,1.041,0.9813,1.016,139088
2020-07-30,0.9975,1.053,0.9938,1.024,62632
2020-07-31,1.036,1.038,0.9988,1.006,115028
2020-08-03,1.006,1.061,1.005,1.039,256176
2020-08-04,1.054,1.181,1.054,1.109,347324
2020-08-05,1.12,1.168,1.066,1.156,97808
2020-08-06,1.156,1.159,1.098,1.111,49144
2020-08-07,1.093,1.093,1.02,1.041,270920
2020-08-10,1.053,1.138,1.048,1.085,218640
2020-08-11,1.12,1.138,1.086,1.086,133328
2020-08-12,1.108,1.155,1.095,1.129,100348
2020-08-13,1.131,1.175,1.128,1.161,50624
2020-08-14,1.153,1.205,1.146,1.185,365836
2020-08-17,1.163,1.17,1.141,1.161,111568
2020-08-18,1.145,1.211,1.113,1.201,125880
2020-08-19,1.184,1.206,1.166,1.181,96752
2020-08-20,1.158,1.168,1.13,1.154,100788
2020-08-21,1.171,1.39,1.168,1.259,292804
2020-08-24,1.275,1.275,1.143,1.219,321304
2020-08-25,1.223,1.31,1.223,1.246,198944
2020-08-26,1.236,1.304,1.236,1.279,106696
2020-08-27,1.335,1.338,1.258,1.314,113408
2020-08-28,1.31,1.389,1.309,1.349,191072
2020-08-31,1.44,1.783,1.435,1.671,1906040
2020-09-01,1.82,1.954,1.7,1.915,1154632
2020-09-02,1.953,2.005,1.801,1.926,815152
2020-09-03,1.966,2.11,1.814,1.951,503068
2020-09-04,1.974,1.974,1.798,1.906,261500
2020-09-08,1.881,2.063,1.881,1.925,669624
2020-09-09,1.993,1.998,1.83,1.833,944152
2020-09-10,1.655,1.714,1.55,1.555,1339696
2020-09-11,1.56,1.578,1.475,1.524,550544
2020-09-14,1.743,1.748,1.61,1.746,355720
2020-09-15,1.715,1.81,1.671,1.771,412052
2020-09-16,1.779,2.253,1.766,2.159,527028
2020-09-17,2.13,2.436,2.13,2.3,1003236
2020-09-18,2.303,2.434,2.233,2.364,889884
2020-09-21,2.345,2.395,2.098,2.184,404944
2020-09-22,2.61,2.783,2.475,2.636,1217736
2020-09-23,2.648,2.708,2.481,2.508,603636
2020-09-24,2.418,2.448,2.256,2.274,428180
2020-09-25,2.301,2.543,2.294,2.501,488096
2020-09-28,2.563,2.563,2.391,2.521,501040
2020-09-29,2.535,2.661,2.515,2.586,358736
2020-09-30,2.58,2.675,2.526,2.551,258188
2020-10-01,2.54,2.558,2.424,2.439,415096
2020-10-02,2.35,2.445,2.328,2.349,332116
2020-10-05,2.37,2.383,2.314,2.365,199840
2020-10-06,2.39,2.456,2.278,2.286,332796
2020-10-07,2.315,2.389,2.296,2.341,248004
2020-10-08,2.348,3.41,2.304,3.374,5945696
2020-10-09,3.214,3.7,2.99,3.008,5884524
2020-10-12,2.918,3.185,2.85,2.946,1436988
2020-10-13,2.915,3.1,2.913,2.973,844724
2020-10-14,3.165,3.165,3.018,3.055,844688
2020-10-15,3,3.77,3,3.455,3365624
2020-10-16,3.438,3.468,3.273,3.32,1073732
2020-10-19,3.37,3.623,3.35,3.474,996544
2020-10-20,3.505,3.53,3.42,3.461,444544
2020-10-21,3.46,3.598,3.453,3.525,616184
2020-10-22,3.548,3.963,3.548,3.726,1133920
2020-10-23,3.785,3.84,3.649,3.755,564280
2020-10-26,3.72,3.863,3.316,3.375,946452
2020-10-27,3.365,3.375,3.093,3.17,932664
2020-10-28,3.088,3.26,2.948,2.948,690304
2020-10-29,2.978,3.06,2.925,2.935,416512
2020-10-30,2.86,2.875,2.59,2.616,986332
2020-11-02,2.711,2.76,2.625,2.689,582524
2020-11-03,2.69,2.965,2.668,2.888,415572
2020-11-04,2.94,2.94,2.653,2.729,629980
2020-11-05,2.82,2.951,2.765,2.864,335576
2020-11-06,2.89,3.038,2.843,2.968,492040
2020-11-09,3.213,3.228,2.815,2.874,629756
2020-11-10,2.864,2.905,2.713,2.775,391248
2020-11-11,2.873,2.97,2.805,2.94,511912
2020-11-12,2.944,2.958,2.75,2.783,510540
2020-11-13,2.839,2.88,2.754,2.756,429172
2020-11-16,2.785,3.165,2.68,3.011,867324
2020-11-17,2.95,2.976,2.808,2.906,882008
2020-11-18,2.95,3.004,2.891,2.896,238412
2020-11-19,2.898,3.198,2.885,3.118,722048
2020-11-20,3.155,3.358,3.155,3.175,455084
2020-11-23,3.225,3.515,3.183,3.475,616464
2020-11-24,3.555,3.56,3.345,3.419,564848
2020-11-25,3.375,3.811,3.375,3.688,482144
2020-11-27,3.809,4.184,3.728,4.018,870656
2020-11-30,4.543,4.853,4.144,4.144,1804368
2020-12-01,4.288,4.35,3.95,3.95,627408
2020-12-02,3.925,4.164,3.85,4.141,683372
2020-12-03,4.135,4.155,3.973,4.031,562312
2020-12-04,4.084,4.313,4.084,4.228,501372
2020-12-07,4.348,4.368,4.055,4.081,310052
2020-12-08,4.093,4.295,3.988,4.245,697992
2020-12-09,3.455,3.665,3.308,3.414,1584216
2020-12-10,3.288,3.599,3.288,3.531,549752
2020-12-11,3.48,3.48,3.268,3.33,478424
2020-12-14,3.333,3.343,3.038,3.184,588152
2020-12-15,3.21,3.496,3.123,3.47,641724
2020-12-16,3.47,3.573,3.4,3.465,327400
2020-12-17,3.478,3.744,3.425,3.706,1527460
2020-12-18,3.948,4.074,3.798,3.906,1178584
2020-12-21,3.92,4.06,3.828,3.883,1623064
2020-12-22,4.055,5.006,4.04,4.86,2021304
2020-12-23,4.964,5.575,4.788,5.145,1131400
2020-12-24,5.279,5.358,5,5.035,292656
2020-12-28,5.313,5.473,5.093,5.236,631696
2020-12-29,5.223,5.239,4.645,4.848,516160
2020-12-30,4.86,4.995,4.723,4.813,683624
2020-12-31,4.821,4.936,4.713,4.715,376732
2021-01-04,4.76,4.76,4.293,4.314,966892
2021-01-05,4.329,4.515,4.31,4.335,587660
2021-01-06,4.333,4.741,4.333,4.6,513792
2021-01-07,4.618,4.856,4.508,4.513,499612
2021-01-08,4.573,4.573,4.273,4.424,361824
2021-01-11,4.845,5.158,4.755,4.981,1163468
2021-01-12,4.993,5.085,4.834,4.981,347128
2021-01-13,5.078,9.648,5.028,7.898,10094328
2021-01-14,9.46,10.75,8.273,9.993,4389804
2021-01-15,9.6,10.18,8.503,8.865,3013280
2021-01-19,10.37,11.37,9.161,9.875,3299384
2021-01-20,9.215,10.29,9.015,9.776,1920744
2021-01-21,9.853,11.17,9.33,10.75,2619516
2021-01-22,10.7,19.13,10.6,16.22,14356876
2021-01-25,23.76,39.8,15.28,19.2,15212408
2021-01-26,22.07,37.5,20.05,36.5,10819064
2021-01-27,88,95,62.43,86.72,6281816
2021-01-28,66,120.56,28.74,50.02,2583288
2021-01-29,95.1,102.76,62.5,82.06,2457984
2021-02-01,79.49,80,53.27,56.43,1967776
2021-02-02,35,39.42,18.61,22.62,5081900
2021-02-03,27.94,27.94,21.39,23,1696436
2021-02-04,22.75,22.75,13.34,13.34,2213900
2021-02-05,13.54,23.75,12.78,15.9,2755948
2021-02-08,17.73,17.88,14.57,14.98,590644
2021-02-09,13.96,14.16,11.65,12.56,1097648
2021-02-10,12.64,15.69,11.65,12.79,1038952
2021-02-11,12.5,13.76,12.08,12.73,268868
2021-02-12,12.73,13.78,12.07,13.07,2818712
2021-02-16,13.36,13.36,12.27,12.36,326128
2021-02-17,12.44,12.77,11.15,11.49,427092
2021-02-18,12.1,12.14,10.16,10.17,1582008
2021-02-19,10.35,10.96,9.63,10.18,705116
2021-02-22,11.63,12.05,10.63,11.42,651372
2021-02-23,11.17,11.55,10.03,11.28,286136
2021-02-24,11.38,22.93,11.35,22.93,2257588
2021-02-25,42.46,46.05,25.32,27.27,11123788
2021-02-26,29.25,35.72,21.51,25.4,4616040
2021-03-01,26.22,33.49,25,30.08,1720536
2021-03-02,29.3,33.17,28.14,29.45,1188372
2021-03-03,30.91,31.9,28.29,31.14,577224
2021-03-04,31.17,36.64,28.89,32.94,923460
2021-03-05,32.89,37.69,32,34.26,904644
2021-03-08,38.09,52.45,36.53,48.25,1608168
2021-03-09,54.4,62.41,52.3,61.32,1630072
2021-03-10,67.19,86.81,43.76,65.75,3143780
2021-03-11,60.51,70.32,58.35,63.84,1170208
2021-03-12,67.51,73.7,65.67,66.21,950676
2021-03-15,68.75,70.63,51.5,55.06,693532
2021-03-16,50.86,55.16,43.09,51.79,870520
2021-03-17,54.71,57.87,51.02,52.42,521144
2021-03-18,53.68,54.4,49.2,50.35,549852
2021-03-19,49.3,56.67,45.92,49.89,590764
2021-03-22,51.35,52.37,46.63,48.27,449112
2021-03-23,48.68,50.25,44.53,45.25,732592
2021-03-24,39.25,41.5,29.78,30.11,1328732
2021-03-25,30.87,46.85,29.32,45.75,2152248
2021-03-26,49.2,54.65,40.87,45,1612984
2021-03-29,45.38,48.43,44.13,45.27,285736
2021-03-30,46.97,50.9,45.58,48.12,590700
2021-03-31,49.12,49.82,46.83,47.51,433460
2021-04-01,48.15,49.19,46.04,47.67,526788
2021-04-05,42.88,48.71,41.21,46.52,845560
2021-04-06,46.5,47.95,45.92,46.02,306408
2021-04-07,45.34,45.87,44.07,44.52,288436
2021-04-08,46.36,46.36,41.13,42.53,771192
2021-04-09,42.34,42.87,38.27,39.6,1106928
2021-04-12,39.4,40.65,33.8,35.27,1887360
2021-04-13,35.45,36.3,33.05,35.18,361508
2021-04-14,35.98,43.43,35.96,41.72,819468
2021-04-15,40.25,41.41,38.21,38.99,475664
2021-04-16,38.62,39.99,37.9,38.62,309392
2021-04-20,41.07,41.07,38.41,39.64,410688
2021-04-21,39.56,40.67,39,39.53,512704
2021-04-22,39.78,39.78,36.79,37.67,597128
2021-04-23,37.59,38.38,36.24,37.8,480824
2021-04-26,37.7,43.63,37.38,42.24,627820
2021-04-27,45.5,47,43.3,44.44,939496
2021-04-28,42.86,45.48,41.53,44.68,758220
2021-04-29,44.34,45.18,42.76,44.09,546736
2021-04-30,43.75,45.84,43.21,43.56,496428
2021-05-03,44.3,44.3,39.94,40.52,535796
2021-05-04,39.75,40.28,37.98,40.19,555368
2021-05-05,40.4,41.38,39.65,39.81,333576
2021-05-06,40.15,41.06,39,40.25,437580
2021-05-07,40.05,41.78,39.46,40.25,372436
2021-05-10,40.33,40.33,35.75,35.75,614176
2021-05-11,34.41,37.57,34.17,36.68,522604
2021-05-12,36.53,37.62,35.63,36.18,432092
2021-05-13,36.87,42.43,36.61,41.2,1242372
2021-05-14,40.22,41.59,39.14,39.95,490076
2021-05-17,40,45.6,39.83,45.13,476236
2021-05-18,43.51,47.25,42.1,45.13,541340
2021-05-19,43.38,44.44,41.06,42.21,365128
2021-05-20,42.63,43.72,41.73,42.53,169628
2021-05-21,42.76,44.78,42.59,44.14,313444
2021-05-24,43.88,47.06,43.42,44.93,493904
2021-05-25,45.28,54.26,45.28,52.33,1114224
2021-05-26,57.22,62.06,56.45,60.55,1668184
2021-05-27,57.38,65.94,57,63.53,1233444
2021-05-28,65.05,67.08,55.39,55.42,773116
2021-06-01,58,63.61,56.82,62.2,524536
2021-06-02,62.21,73.5,61.16,70.64,1128896
2021-06-03,66.53,68.58,60.75,63.76,510072
2021-06-04,63.84,66.24,61.49,62.22,238264
2021-06-07,64.5,70.47,64.01,69.79,639252
2021-06-08,73.08,86.16,70.58,75,1142308
2021-06-09,76.12,82,73.15,75.07,743328
2021-06-10,70.75,72,52.76,55.01,4381632
2021-06-11,55.66,60.03,51.73,58.4,2144436
2021-06-14,59.03,59.5,54.85,57.25,1965692
2021-06-15,56.62,57.28,52.38,55.56,2286536
2021-06-16,53.77,57.11,52.28,55.69,1704328
2021-06-17,56.07,58.39,55.57,55.97,1042852
2021-06-18,55.07,55.81,53.3,53.44,963052
2021-06-21,54.25,54.43,49.29,50.03,788136
2021-06-22,54.31,56.35,52.33,55.13,915604
2021-06-23,55.21,55.49,53.54,54.82,448100
2021-06-24,55.2,56.79,52.96,53.15,543628
2021-06-25,53.48,53.5,49.64,52.37,891300
2021-06-28,52.84,56.03,52.58,53.43,844600
2021-06-29,53.31,53.6,52.03,52.67,211364
2021-06-30,52.5,53.76,51.79,53.48,466972
2021-07-01,53.5,54.13,50.65,51.05,414296
2021-07-02,51.25,51.36,49.35,50.71,328528
2021-07-06,51.12,51.12,48.5,49.76,358704
2021-07-07,49,49.37,44.39,47.54,507360
2021-07-08,45.02,48.38,44.88,47.72,384580
2021-07-09,47.44,48.62,46.81,47.81,204724
2021-07-12,47.75,49.37,46.87,47.44,218156
2021-07-13,46.93,46.97,44.75,45.04,303492
2021-07-14,44.93,45.57,41.28,41.9,661580
2021-07-15,40,42.75,39.57,41.77,499064
2021-07-16,42.75,44.87,41.63,42.24,466240
2021-07-19,41.18,43.93,40.37,43.29,267084
2021-07-20,43.43,48.41,43.2,47.94,437364
2021-07-21,47.04,48.83,45.69,46.44,377640
2021-07-22,46.3,46.73,44.07,44.58,158144
2021-07-23,45.03,45.35,43.5,45.02,127636
2021-07-26,45.01,46.51,44.71,45.91,128768
2021-07-27,46.13,46.13,44.21,44.62,129764
2021-07-28,43.85,44.15,41.13,42.38,746444
2021-07-29,42.5,43.43,41.14,41.19,184328
2021-07-30,41.08,41.36,39.76,40.08,241532
2021-08-02,40.49,40.88,38.77,39.34,274524
2021-08-03,39.07,39.69,37.07,38.18,913648
2021-08-04,38.19,39.34,36.47,36.95,234776
2021-08-05,37.6,39.35,36.38,38.36,263904
2021-08-06,38.65,39.04,37.65,37.95,163312
2021-08-09,37.91,41.15,37.72,40.18,255312
2021-08-10,40.53,41.68,38.88,39.78,220740
2021-08-11,39.69,39.72,38.69,39.63,120408
2021-08-12,40.1,41.06,39.47,40.55,136880
2021-08-13,40.25,40.85,39.39,40.53,156932
2021-08-16,40.28,42.43,39.9,40.98,171424
2021-08-17,40.41,42.27,40.3,40.9,126608
2021-08-18,41,41.14,39.2,39.2,218100
2021-08-19,39.44,39.44,37.7,38.2,211860
2021-08-20,38.45,40,38.39,39.84,130796
2021-08-23,40.49,41.81,40,41.24,110736
2021-08-24,41.36,56.25,41.36,52.62,1188784
2021-08-25,51.55,56.75,48.29,49.85,935324
2021-08-26,50.12,54.1,49.77,51.31,487728
2021-08-27,51.85,52.73,50.08,51.08,278696
2021-08-30,51.25,54.47,50.82,52.28,319156
2021-08-31,52.98,55.51,52.98,54.5,273800
2021-09-01,55.9,57.74,52.09,53.12,380400
2021-09-02,53.38,53.7,51.58,53.3,391012
2021-09-03,53.07,54.03,49.75,50.62,529672
2021-09-07,51.21,52.44,49.05,49.78,268148
2021-09-08,50.57,51.67,47.72,49.71,490280
2021-09-09,45.02,50.47,44.5,49.69,584992
2021-09-10,49.75,50.45,47.53,47.6,245072
2021-09-13,48.73,52.22,47.89,50.81,402688
2021-09-14,50.13,51.1,49.37,49.54,257708
2021-09-15,49.23,51.19,48.53,51.15,261460
2021-09-16,50.76,53.97,50.32,51.62,288648
2021-09-17,51.89,53.12,50.22,51.27,273692
2021-09-20,49.89,50.6,46.21,48.05,425192
2021-09-21,49.25,49.34,46.57,47.5,253756
2021-09-22,47.24,48.36,46.69,47.6,229056
2021-09-23,47.94,48.91,47.67,47.81,152424
2021-09-24,47.57,47.84,46.06,46.22,238684
2021-09-27,47.24,47.92,46.5,47.42,132200
2021-09-28,47.25,47.67,44.76,44.82,181440
2021-09-29,45.09,46.02,43.69,44.06,181612
2021-09-30,43.36,46.36,41.71,43.97,315220
2021-10-01,44.62,44.8,43.16,44.26,122376
2021-10-04,43.92,44.23,42.7,42.85,155948
2021-10-05,42.76,43.22,41.69,43.02,133844
2021-10-06,42.76,43.24,41.57,42.79,138176
2021-10-07,43,43.73,42.87,43.01,108320
2021-10-08,43.14,43.86,42.94,43.22,98372
2021-10-11,43.35,47.12,43.35,44.5,210908
2021-10-12,44.94,45.36,43.47,43.97,101932
2021-10-13,44.41,47.05,44.07,46.01,211676
2021-10-14,45.98,47.52,45.69,46,148996
2021-10-15,46.03,46.74,45.26,45.82,102272
2021-10-18,46.08,47.45,45.67,46.46,134884
2021-10-19,47.15,48.04,46.17,46.69,195568
2021-10-20,46.55,46.97,45.63,46.15,225892
2021-10-21,46.18,47.45,45.19,45.45,302160
2021-10-22,44.63,44.79,41.98,42.49,275900
2021-10-26,43.46,46.17,43.24,44.47,271864
2021-10-27,45.04,45.63,43.12,43.34,129772
2021-10-28,44.28,45.73,44.01,45.73,202292
2021-10-29,45.78,46.32,44.61,45.89,211852
2021-11-01,45.61,52.1,45.61,50.05,582472
2021-11-02,49.84,52.81,47.97,51.78,407408
2021-11-03,53.44,63.92,52.26,54.65,945852
2021-11-04,55.56,56.91,53,54.52,251624
2021-11-05,55.14,55.14,52.29,53.3,212748
2021-11-08,53.61,56.06,53.53,54.54,127872
2021-11-09,55.3,55.74,51.12,51.61,146828
2021-11-10,50.18,51.82,49.26,49.78,159508
2021-11-11,49.92,51.92,49.7,51.13,116504
2021-11-12,50.79,51.27,49.58,50.65,108680
2021-11-15,50.99,52.76,50.59,52.29,204168
2021-11-16,52.28,53.08,50.96,51.86,122640
2021-11-17,51.6,54.41,51.6,52.53,157760
2021-11-18,52.75,53.59,51.92,52.52,166700
2021-11-19,52.5,57.35,52.23,57.06,301688
2021-11-22,57.55,62.4,57.55,61.85,443376
2021-11-23,60.79,63.01,53.19,53.19,409392
2021-11-24,55.24,55.47,52.03,52.84,150704
2021-11-26,52.28,52.61,49.88,50.14,138708
2021-11-29,51.76,51.94,50.37,50.47,107176
2021-11-30,50.72,50.72,47.11,49.12,196920
2021-12-01,49.91,49.91,44.41,44.99,392364
2021-12-02,46.25,46.66,43.36,45.45,309848
2021-12-03,45.39,45.8,39.79,43.1,753312
2021-12-06,41.69,43.25,40.84,41.78,427032
2021-12-07,43.5,45.29,42.77,44.34,219808
2021-12-08,44.5,44.93,43.07,43.34,295904
2021-12-09,41.46,43.15,37.75,38.91,878924
2021-12-10,40.35,40.44,37.02,39.67,689360
2021-12-13,40,40,33.8,34.24,1001508
2021-12-14,32.81,37.53,32.75,36.94,950468
2021-12-15,36.18,37.93,35.44,37.34,318596
2021-12-16,38.29,38.29,35.53,36.16,394324
2021-12-17,36.05,39.59,34.9,39,608584
2021-12-20,38.3,39.69,37.46,39.31,198868
2021-12-21,39.59,39.99,38.85,39.57,375532
2021-12-22,39.26,39.63,38.04,38.48,234352
2021-12-23,38.3,38.51,36.75,38.04,125032
2021-12-27,37.51,37.54,35.2,37,172424
2021-12-28,36.8,39.21,36.64,36.65,170240
2021-12-29,37.41,38.82,35.71,38.43,240736
2021-12-30,38.52,39.94,38.12,38.81,215572
2021-12-31,38.28,39.18,37.04,37.1,134012
2022-01-03,37.88,39.83,37.5,38.25,224484
2022-01-04,37.95,38.02,35.82,37.25,311528
2022-01-05,36.51,36.65,32.36,32.44,638996
2022-01-06,33.37,34.41,30.29,32.76,685248
2022-01-07,40,40,33.13,35.15,1453636
2022-01-10,33.72,33.86,30,32.79,980556
2022-01-11,32.62,34.15,32.09,32.58,318744
2022-01-12,32.61,32.77,31.61,32.03,237948
2022-01-13,32.1,32.54,30.45,30.64,444096
2022-01-14,30.25,30.57,28.03,29.15,859068
2022-01-18,28.38,28.4,26.15,27.2,668884
2022-01-19,27.76,28.26,26.13,26.63,339024
2022-01-20,27.11,28.64,25.41,25.66,520320
2022-01-21,25.29,27.53,23.27,26.5,1089612
2022-01-24,24.85,25.69,21.68,25,1385956
2022-01-25,24.35,26.22,23.8,24.92,737576
2022-01-26,25.48,29.75,25.11,25.87,1839488
2022-01-27,26.27,26.68,23.24,23.41,633100
2022-01-28,23.87,24.44,21.92,24.44,701532
2022-01-31,24.48,27.44,24.48,27.25,490900
2022-02-01,28.32,29.16,27.12,28.1,530952
2022-02-02,27.52,27.76,24.57,25.01,529256
2022-02-03,25.19,26.65,24.5,24.76,390876
2022-02-04,24.65,25.96,23.82,25.58,279232
2022-02-07,25.75,26.24,24.75,25.54,250448
2022-02-08,25.2,29.35,25.2,28.9,899144
2022-02-09,28.78,31.17,28.46,31,872116
2022-02-10,29.25,32.92,29.01,30.58,597100
2022-02-11,30.62,32.43,30.2,31.12,492136
2022-02-14,30.91,31.38,29.05,29.26,321920
2022-02-15,30.12,31.8,29.93,31.46,249656
2022-02-16,31.71,33.2,31.02,32.08,212156
2022-02-17,31.94,32.62,30.57,30.81,175140
2022-02-18,31.12,31.39,29.55,30.43,175040
2022-02-22,29.47,30.83,28.71,29.55,198652
2022-02-23,30.39,30.68,28.57,28.67,159048
2022-02-24,26.25,31.43,26.13,31.1,359608
2022-02-25,30.75,31.15,29.2,29.67,209048
2022-02-28,29.95,31.48,29.29,30.85,171952
2022-03-01,30.69,31.41,29.6,29.76,140924
2022-03-02,30,30.66,29.11,30.57,194620
2022-03-03,30.74,30.86,29.32,29.6,151692
2022-03-04,29.58,29.88,27.66,27.93,237676
2022-03-07,28.62,28.66,24.04,24.8,747836
2022-03-09,26.75,27.18,25.91,26.32,324700
2022-03-10,25.69,25.85,24.62,25.14,192176
2022-03-11,25.55,25.55,23.18,23.18,427640
2022-03-14,23.57,23.57,19.4,19.55,924796
2022-03-15,20.53,21.77,19.71,20.64,502728
2022-03-16,21.15,22.5,20.52,21.71,369628
2022-03-17,21.4,22.38,20.91,21.91,408568
2022-03-18,20.07,24.26,19.74,22.7,936884
2022-03-21,22.5,24.76,22.5,23.52,419012
2022-03-22,24.05,31.4,24.05,30.78,2588896
2022-03-23,32.55,37.72,31.67,35.22,4035328
2022-03-24,33.52,35.84,31.69,35.46,995556
2022-03-25,35.01,39.5,34.65,37.98,1470296
2022-03-28,38.13,47.71,38.11,47.38,2307200
2022-03-29,47.06,49.76,40.82,44.98,2430552
2022-03-30,43.69,45.75,41.25,41.63,973612
2022-03-31,40.87,43.9,39.63,41.64,1776920
2022-04-01,47.23,47.42,38.84,41.24,2004360
2022-04-04,41.75,43.26,39.15,42.54,424432
2022-04-05,41.89,42.09,38.01,38.39,562208
2022-04-06,37.89,39.77,37.42,39.08,479640
2022-04-07,38.7,39.1,35.42,37.51,405804
2022-04-08,37.11,37.6,35.59,36.58,414416
2022-04-11,36.09,37.03,35.16,36.77,271408
2022-04-12,36.81,38.03,35.47,36.19,265184
2022-04-13,36.22,38.01,35.69,37.66,265968
2022-04-14,37.21,39.08,36.9,37.84,307732
2022-04-18,37.56,37.64,34.34,35.35,314004
2022-04-19,35.64,38.19,35.06,38.14,277004
2022-04-20,38.01,38.01,36.68,37.19,149572
2022-04-21,37.37,38.22,35.03,35.38,167676
2022-04-22,35.83,36.47,33.91,34.55,266756
2022-04-25,33.88,34.88,33.5,33.93,186252
2022-04-26,34.05,34.14,31.6,32.04,247072
2022-04-27,32.26,33.09,31.26,32.4,234956
2022-04-28,32.96,32.96,30.22,32.31,254300
2022-04-29,32.37,32.62,30.78,31.32,185824
2022-05-02,30.97,31.28,28.24,29.92,555920
2022-05-03,29.78,31.03,28.63,30.15,201592
2022-05-04,29.99,31.9,28.93,31.71,225972
2022-05-05,30.72,31.04,28.83,29.79,364256
2022-05-06,29.39,30.14,27.56,28.64,274060
2022-05-09,27.56,27.64,24.54,24.62,645828
2022-05-10,25.75,26.51,22,23.36,684156
2022-05-11,23.42,23.81,20,20.34,777836
2022-05-12,20.69,27.01,19.5,22.3,1264588
2022-05-13,24.8,26.64,23.77,24.58,929940
2022-05-16,24.58,24.59,22.71,22.9,462860
2022-05-17,23.16,25.03,22.85,25.01,312108
2022-05-18,23.92,24.94,22.55,22.86,324416
2022-05-19,23.01,25.45,22.58,24.78,486160
2022-05-20,24.89,25.54,22.49,23.97,286996
2022-05-23,23.88,24.31,22.88,24.01,261240
2022-05-24,23.44,23.44,21.68,22.28,311028
2022-05-25,22.61,28.84,22.56,28.78,1209060
2022-05-26,29.03,37.02,28.69,32.08,1480252
2022-05-27,35.18,35.83,31.91,34.28,751968
2022-05-31,34.36,34.72,30.17,31.08,479716
2022-06-01,30.74,32.18,29.31,30.11,404520
2022-06-02,29.24,34.07,28.96,33.5,1009104
2022-06-03,32.35,34.52,31.07,33.37,790848
2022-06-06,33.84,34.02,31.78,32.33,304344
2022-06-07,31.99,37.44,31.6,36.6,575888
2022-06-08,35.25,38.21,33.99,34.66,671444
2022-06-09,34.44,34.91,31.84,32.21,431204
2022-06-10,31.76,32.93,30.81,32.34,318056
2022-06-13,30.18,31.08,28.61,29.57,604392
2022-06-14,29.37,31.94,29.13,31.59,460996
2022-06-15,31.16,32.95,31,32.32,197196
2022-06-16,31.22,32.26,30.17,31.4,388668
2022-06-17,32,33.95,31.63,33.8,347672
2022-06-21,34.5,36.27,34.03,35.15,370532
2022-06-22,34.66,36.05,34.15,34.62,243512
2022-06-23,35.13,35.97,34.18,35.49,240532
2022-06-24,35.75,36.99,32.9,34.2,521212
2022-06-27,34.24,34.24,31.87,32.45,254640
2022-06-28,32.71,32.75,30.59,31.03,204900
2022-06-29,30.35,31.56,30.07,30.75,148208
2022-06-30,30.13,31.49,29.45,30.55,233964
2022-07-01,30.4,31.15,29.89,30.91,234212
2022-07-05,30.32,30.43,29.78,30.09,203172
2022-07-06,30.29,30.4,28.36,29.35,384444
2022-07-07,31.12,33.86,30.5,33.73,659936
2022-07-08,31.75,33.15,30.68,32.12,368000
2022-07-11,32.07,32.86,31.24,32.47,128208
2022-07-12,33.25,35.6,31.97,34.31,249512
2022-07-13,33.88,36.28,33.79,35.4,247768
2022-07-14,35.12,37.92,34.08,34.08,340800
2022-07-15,34.71,35.57,33.62,35.32,240992
2022-07-18,36.31,37.37,35.82,36.67,173312
2022-07-19,37.38,39.2,36.68,37.96,340008
2022-07-20,38.63,40.37,38.63,39.59,296528
2022-07-21,39.85,39.92,37.44,38.45,184696
2022-07-22,36.88,38.64,34.95,35.81,277574
2022-07-25,35.02,35.41,33.255,34.03,259564
2022-07-26,32.87,33.26,32.11,32.44,101261
2022-07-27,33.2,34.07,32.2,33.755,176904
2022-07-28,33.88,34.36,32.76,33.85,70879
2022-07-29,33.87,34.75,33.09,34.08,57703
2022-08-01,33.9,35.685,33.9,34.77,102334
2022-08-02,35.6,36.76,35.27,35.86,68619
2022-08-03,36.04,37.99,36.04,37.78,113941
2022-08-04,38.27,39.68,37.9,38.37,138558
2022-08-05,37.37,40.39,36.62,39.99,168077
2022-08-08,41.3,47.96,40.85,43.42,695901
2022-08-09,42.33,43.09,39,40.36,126694
2022-08-10,41.94,41.96,38.66,40.53,122511
2022-08-11,40.91,41.93,39.37,39.5,133611
2022-08-12,40.01,41.43,39.23,40.73,161127
2022-08-15,39.7,40.22,38.83,39.65,132238
2022-08-16,39.21,45.48,38.7,42.15,588671
2022-08-17,42.06,44.27,40.44,40.58,441051
2022-08-18,39.34,40.04,37.36,37.96,265658
2022-08-19,35.21,37.14,34.67,36.46,357291
2022-08-22,34.31,36.13,34.2,34.5,240871
2022-08-23,34.7,34.99,33.47,33.56,316738
2022-08-24,33.85,34.86,32.45,32.52,168543
2022-08-25,32.86,32.86,31.51,31.97,255997
2022-08-26,31.7,32.33,30.65,30.99,193236
2022-08-29,30.49,32.62,30.41,31.55,85225
2022-08-30,31.62,31.75,29.46,29.8,154096
2022-08-31,29.32,29.87,28.29,28.58,169024
2022-09-01,28.105,28.83,27.01,27.72,202247
2022-09-02,27.75,28.72,26.94,27.41,176325
2022-09-06,25.73,26.575,24.675,25.13,248140
2022-09-07,24.73,25.18,23.44,24.07,445948
2022-09-08,25,26.71,24.08,25.81,293408
2022-09-09,26.2,29.07,26.11,28.92,208554
2022-09-12,29.2,30.305,28,29.19,126706
2022-09-13,27.56,28.6,27.47,27.8,104974
2022-09-14,27.55,28.38,26.67,28.19,119171
2022-09-15,28.34,29.06,27.98,28.62,97487
2022-09-16,28.16,28.77,27.79,28.59,117370
2022-09-19,28.84,29.585,28.215,28.955,87916
2022-09-20,29,29.3,27.22,27.5,102661
2022-09-21,27.44,28.96,26.82,26.84,136590
2022-09-22,27.14,27.21,24.4,24.63,150092
2022-09-23,24.31,25.13,24.15,25.01,159575
2022-09-26,24.66,25.84,24.14,24.43,70817
2022-09-27,25.3,26.35,25.15,26.16,124943
2022-09-28,25.915,27.49,25.65,27.27,104820
2022-09-29,27.03,27.64,24.7,25.4,102662
2022-09-30,24.91,25.8,24.44,25.09,73896
2022-10-03,25.1,25.59,24.34,25.39,70875
2022-10-04,26.23,27.82,26.135,27.57,102940
2022-10-05,26.59,26.93,25.44,26.42,67702
2022-10-06,26.36,26.93,25.8,26,79101
2022-10-07,25.79,25.79,24.44,25.36,194145
2022-10-10,25.48,26.48,24.77,24.98,82819
2022-10-11,25.1,26.24,23.96,25.24,99608
2022-10-12,25.99,26.88,25.3,25.36,88811
2022-10-13,24.3,26.53,23.91,25.58,78637
2022-10-14,25.83,26.3,24.7,24.84,142856
2022-10-17,25.635,26.39,25.37,25.92,72298
2022-10-18,27.12,27.705,26.13,26.66,146508
2022-10-19,25.82,26.18,24.28,24.54,208487
2022-10-20,24.41,25.43,24.08,24.36,186909
2022-10-21,24.21,25.32,24.13,25.26,76366
2022-10-24,24.85,25.14,24.15,24.72,64881
2022-10-25,24.82,27.76,24.82,26.87,243785
2022-10-26,26.33,27.46,25.33,25.43,97185
2022-10-27,26.1,26.29,25.22,25.93,79458
2022-10-28,26.85,28.72,26.5,28.15,190032
2022-10-31,31.14,34.95,27.93,28.36,437172
2022-11-01,29.54,29.67,27.66,28.38,124544
2022-11-02,27.9,28.75,26.5,26.64,110747
2022-11-03,26.02,27.25,26.02,26.24,124059
2022-11-04,26.69,27.01,25.34,26.44,169040
2022-11-07,26.2,26.2,24.86,25.73,98893
2022-11-08,25.37,25.82,24.12,25.13,156068
2022-11-09,24.55,24.62,21.95,23.125,352104
2022-11-10,24.61,25.69,23.95,24.77,149679
2022-11-11,24.72,26.115,24.19,26.09,119644
2022-11-14,26.65,27.365,25.67,26.035,136771
2022-11-15,26.52,28.23,26.37,27.57,109926
2022-11-16,26.51,27.31,26.46,27.095,48533
2022-11-17,26.4,27.76,26.195,27.75,67064
2022-11-18,27.91,28.63,26.84,27.62,67196
2022-11-21,26.74,27.77,24.9,25.19,90751
2022-11-22,25.2,26.45,24.7,26.25,105192
2022-11-23,26.28,27.11,26.02,26.68,61135
2022-11-25,26.53,27.02,26.14,26.14,28891
2022-11-28,25.56,26.36,25.225,25.3,39808
2022-11-29,25.575,26.33,25.395,25.59,61053
2022-11-30,25.9,26.23,24.92,26.15,86335
2022-12-01,25.94,27.49,25.19,26.55,145840
2022-12-02,26.2,27.85,26.17,27.49,106483
2022-12-05,27.32,27.46,25.45,25.55,133607
2022-12-06,25.51,25.51,23.11,23.44,203882
2022-12-07,23.34,23.59,21.99,22.26,221666
2022-12-08,22.005,24.98,22.005,24.79,291894
2022-12-09,24.56,24.56,22.6,22.62,176797
2022-12-12,22.69,23.15,22.23,22.685,95655
2022-12-13,23.53,23.655,20.83,21.02,207294
2022-12-14,21.26,22,21.02,21.05,136039
2022-12-15,20.74,21.43,20.24,20.62,142363
2022-12-16,20.475,21.1,20.01,20.82,130476
2022-12-19,20.605,20.84,19.61,19.92,132716
2022-12-20,19.88,21.3,19.635,20.3,104647
2022-12-21,20.35,20.86,20.18,20.53,80623
2022-12-22,20.5,20.5,18.505,19.805,129416
2022-12-23,19.99,20.61,19.68,20.06,91664
2022-12-27,19.99,19.99,18,18.2,161294
2022-12-28,18.32,18.66,16.995,17.92,140576
2022-12-29,18.04,18.57,17.75,18.32,85666
2022-12-30,17.955,18.575,17.955,18.46,65118
2023-01-03,18.65,19.225,17.12,17.2,183325
2023-01-04,17.34,17.91,16.9,17.31,200654
2023-01-05,16.98,17.16,15.91,16.23,185187
2023-01-06,16.06,16.56,15.45,16.48,118535
2023-01-09,16.66,17.13,16.37,16.39,109207
2023-01-10,16.325,18.04,16.27,17.76,121775
2023-01-11,18.25,20.02,17.86,19.03,160374
2023-01-12,19.12,20.62,18.34,20.62,114812
2023-01-13,19.88,21.025,19.88,20.45,161021
2023-01-17,20.49,21.93,20.48,21.81,97624
2023-01-18,21.95,22.12,20.5,20.79,180690
2023-01-19,20.35,20.35,18.85,19.03,113570
2023-01-20,19.05,20.065,18.98,19.64,109430
2023-01-23,19.5,22.49,19.45,21.66,139300
2023-01-24,21.17,21.98,21,21.41,58500
2023-01-25,20.41,20.78,19.55,20.24,96142
2023-01-26,20.8,20.8,19.41,20.02,46573
2023-01-27,19.9,23.29,19.43,22.82,307804
2023-01-30,22.325,23.45,21.13,21.26,135792
2023-01-31,21.4,21.99,21.37,21.84,49453
2023-02-01,21.43,22.08,20.57,21.84,124136
2023-02-02,22.43,24.39,22.25,22.71,168566
2023-02-03,22.04,23.87,21.8,22.27,145412
2023-02-06,22.25,24.87,21.9,23.9,201673
2023-02-07,22.6,22.77,20.5,21.23,255187
2023-02-08,21.4,21.52,20.62,21.11,35208
2023-02-09,21.26,21.605,19.67,19.68,68004
2023-02-10,19.41,20,19.08,19.28,44026
2023-02-13,19.14,19.92,19.07,19.7,42482
2023-02-14,19.18,19.99,19.15,19.845,58219
2023-02-15,20.1,21.78,19.62,21.78,240790
2023-02-16,21.245,22.4,20.91,21.57,93306
2023-02-17,21.68,22.05,21.23,22,53090
2023-02-21,21.3,21.75,20.63,20.66,64470
2023-02-22,20.86,21.14,20.36,20.54,36392
2023-02-23,20.58,20.62,19.55,20.15,35087
2023-02-24,19.63,20,19.55,19.55,46345
2023-02-27,19.545,19.62,18.94,19.1,52183
2023-02-28,19.05,19.5,18.99,19.21,53510
2023-03-01,18.965,19.03,18.15,18.15,176135
2023-03-02,18.11,18.395,17.64,18.19,80864
2023-03-03,18.21,19.095,18.1,18.715,46197
2023-03-06,18.6,19.46,18.6,18.68,78447
2023-03-07,18.65,18.7,18.08,18.08,38603
2023-03-08,18.155,18.36,17.7,18.2,128911
2023-03-09,18.33,18.33,17.48,17.52,61896
2023-03-10,17.44,17.75,16.9,17.25,59195
2023-03-13,16.88,17.32,16.55,16.76,100056
2023-03-14,17.32,17.32,16.44,16.91,52669
2023-03-15,16.525,16.61,15.705,15.97,123408
2023-03-16,15.99,16.76,15.55,16.74,83273
2023-03-17,16.62,16.62,15.94,16.57,145903
2023-03-20,16.63,17.255,16.35,16.88,195098
2023-03-21,17.2,18.35,17.17,17.65,170919
2023-03-22,26.5,27,23.06,23.85,1389231
2023-03-23,22.62,24.59,22.14,22.58,219338
2023-03-24,22.32,23.97,22.11,23.96,129954
2023-03-27,23.96,23.96,22.7,23,85985
2023-03-28,22.905,23.52,22.26,23.11,91205
2023-03-29,23.035,23.67,22.28,22.45,103602
2023-03-30,22.64,22.82,22.13,22.49,53818
2023-03-31,22.36,23.06,22.17,23.02,59662
2023-04-03,22.92,23.83,22.7,23.18,49618
2023-04-04,22.72,23.02,22.11,22.36,39011
2023-04-05,22.15,22.32,21.26,22.09,77291
2023-04-06,21.85,22.67,21.83,22.395,64325
2023-04-10,21.91,22.4,21.86,22.375,82540
2023-04-11,22.46,23.1,22.46,22.695,34945
2023-04-12,22.93,23.19,22.27,22.27,48436
2023-04-13,22.46,22.82,22.36,22.57,33792
2023-04-14,22.85,23.22,22.36,22.48,46019
2023-04-17,22.24,22.66,22.17,22.29,49790
2023-04-18,22.06,22.31,21.515,21.6,37415
2023-04-19,21.23,21.86,21,21.3,62462
2023-04-20,20.85,21.56,20.07,20.24,64694
2023-04-21,20.22,20.6,20.13,20.49,51260
2023-04-24,20.155,20.405,19.82,19.91,83127
2023-04-25,19.77,19.965,18.93,19,43467
2023-04-26,19.05,19.22,18.65,18.65,47953
2023-04-27,18.79,19.32,18.78,18.94,77979
2023-04-28,19.04,19.68,18.99,19.32,53105
2023-05-01,19.095,19.25,18.47,18.55,38183
2023-05-02,18.49,18.57,18.1,18.57,34902
2023-05-03,18.56,19.18,18.53,18.9,76599
2023-05-04,19.11,19.43,18.94,19.37,36215
2023-05-05,19.65,20.87,19.54,20.42,88989
2023-05-08,20.475,20.98,20.11,20.53,48992
2023-05-09,20.26,20.64,20.15,20.26,36729
2023-05-10,20.48,20.95,20.45,20.75,51041
2023-05-11,20.6,21.12,20.53,20.89,38016
2023-05-12,20.8,20.94,20.24,20.69,49512
2023-05-15,20.54,21.63,20.54,21.615,59713
2023-05-16,21.53,22.1,21.42,21.975,77366
2023-05-17,21.9,23.23,21.9,22.82,93023
2023-05-18,22.95,23.29,22.68,23.05,66239
2023-05-19,22.94,22.94,21.75,22.06,62428
2023-05-22,22.035,24.35,22.035,24.21,195185
2023-05-23,23.825,23.86,22.82,23.16,114091
2023-05-24,23.2,23.45,22.775,23.3,35769
2023-05-25,23.39,23.66,22.71,23.38,51277
2023-05-26,23.305,23.68,23.11,23.245,49402
2023-05-30,23.49,24.68,23.36,24.58,108288
2023-05-31,24.605,24.79,23.9,24.01,92249
2023-06-01,23.96,24.66,23.82,24.09,64557
2023-06-02,24.62,24.9,24.36,24.64,83147
2023-06-05,24.525,25.82,24.17,24.315,108937
2023-06-06,24.17,25.235,24.105,24.69,112836
2023-06-07,26.19,26.49,25.11,26.14,256022
2023-06-08,20.3,21.99,20.15,21.45,232041
2023-06-09,21.77,23.34,21.65,22.67,177100
2023-06-12,22.94,24.3,22.765,24.27,176237
2023-06-13,26.07,27.63,25.06,26.93,331053
2023-06-14,26.705,27.06,24.97,25.67,97950
2023-06-15,25.41,26.15,24.655,24.81,62502
2023-06-16,24.86,25.075,24.44,24.55,75113
2023-06-20,24.54,24.635,23.74,24.59,97991
2023-06-21,24.73,25.07,24.14,24.43,53406
2023-06-22,24.01,24.315,23.775,24.31,37038
2023-06-23,23.775,24.13,23.705,23.71,55961
2023-06-26,23.455,24.02,22.92,23.03,62714
2023-06-27,23.22,23.59,23.01,23.575,30840
2023-06-28,23.47,25.1,23.45,25.02,77337
2023-06-29,24.925,25.43,24.66,24.905,41048
2023-06-30,24.88,25.08,24.26,24.26,53608
2023-07-03,24.5,25.09,24.4,24.94,15146
2023-07-05,24.71,24.725,23.8,23.905,35608
2023-07-06,23.51,23.51,22.82,22.835,49044
2023-07-07,23.04,23.5,22.675,22.715,45159
2023-07-10,22.63,23.555,22.09,23.53,49851
2023-07-11,23.25,24.43,23.25,23.93,43231
2023-07-12,24.2,24.2,23.44,23.45,22952
2023-07-13,23.54,23.96,23.43,23.46,40486
2023-07-14,23.44,23.66,22.945,22.975,63181
2023-07-17,22.71,23.3,22.71,22.82,33358
2023-07-18,22.8,23.78,22.73,23.08,54770
2023-07-19,23.42,23.5,22.96,23.16,45270
2023-07-20,23.13,23.13,22.665,22.92,37228
2023-07-21,22.975,23.02,22.165,22.18,55513
2023-07-24,22.59,23.035,22.22,23.03,48209
2023-07-25,23.045,23.045,22.57,22.85,61777
2023-07-26,22.73,22.94,22.51,22.69,26348
2023-07-27,22.84,23.48,22.14,22.23,41167
2023-07-28,22.04,22.46,21.815,21.92,41196
2023-07-31,21.98,22.36,21.97,22.19,40726
2023-08-01,21.84,21.96,21.27,21.5,34884
2023-08-02,21.095,21.095,20.35,20.83,44002
2023-08-03,20.85,21.14,20.8,20.94,13588
2023-08-04,20.92,21.85,20.9,20.975,26713
2023-08-07,20.92,21.17,20.48,21.055,11131
2023-08-08,20.59,20.89,20.33,20.72,26882
2023-08-09,20.58,20.6,19.845,19.925,51188
2023-08-10,20,20.28,19.9,20.19,14365
2023-08-11,20,20.37,20,20.19,16927
2023-08-14,19.655,20.01,19.09,19.92,77157
2023-08-15,19.7,19.7,19.09,19.33,48463
2023-08-16,19.18,19.315,18.555,18.595,37044
2023-08-17,18.69,18.69,18.33,18.39,23869
2023-08-18,18.18,18.55,18.17,18.36,23825
2023-08-21,18.3,18.82,18.235,18.48,67543
2023-08-22,18.53,18.54,17.25,17.27,109172
2023-08-23,17.26,17.29,16.895,16.895,77897
2023-08-24,16.91,16.93,16.2,16.36,109242
2023-08-25,16.67,17.18,16.555,17.17,63604
2023-08-28,17.365,18.07,17.26,17.56,63174
2023-08-29,17.75,18.545,17.75,18.255,57387
2023-08-30,18.22,18.52,17.915,18.38,29557
2023-08-31,18.38,19.38,18.155,18.55,65125
2023-09-01,18.685,18.7,18.34,18.415,57297
2023-09-05,18.4,19.325,18.29,19.23,98417
2023-09-06,18.96,19.05,18.43,18.765,163527
2023-09-07,19.165,19.43,17.62,18.885,132451
2023-09-08,18.215,18.49,17.36,17.7,124288
2023-09-11,17.76,17.83,16.91,17.02,158495
2023-09-12,17.64,18.5,17.2,17.24,110209
2023-09-13,17.34,17.925,17.34,17.81,106881
2023-09-14,17.9,18.495,17.68,18.33,65037
2023-09-15,18.31,18.605,18.155,18.22,88262
2023-09-18,18.055,18.055,17.355,17.55,114275
2023-09-19,17.48,17.635,17.13,17.52,113794
2023-09-20,17.59,17.92,17.45,17.515,52926
2023-09-21,17.23,17.23,16.65,17.01,81389
2023-09-22,17.08,17.33,17,17.2,85705
2023-09-25,16.965,17.72,16.87,17.68,58162
2023-09-26,17.44,17.79,16.78,16.78,65895
2023-09-27,16.875,17.25,16.85,17.15,34424
2023-09-28,18.08,18.08,16.44,16.84,141956
2023-09-29,17.03,17.25,16.415,16.45,103151
2023-10-02,16.25,16.25,15.265,15.39,255463
2023-10-03,15.28,15.28,14.58,14.59,106047
2023-10-04,14.77,14.935,14.44,14.875,74259
2023-10-05,14.73,14.94,14.58,14.7,34821
2023-10-06,14.59,15.255,14.59,15.085,55788
2023-10-09,14.79,15.495,14.725,15.405,50848
2023-10-10,15.55,16.18,15.49,16,76970
2023-10-11,16.07,16.07,15.775,15.815,66920
2023-10-12,15.76,15.76,14.825,15.09,60032
2023-10-13,14.93,14.99,14.795,14.91,41392
2023-10-16,14.88,14.92,14.155,14.435,80788
2023-10-17,14.28,14.81,14.115,14.13,80870
2023-10-18,13.86,14.25,13.82,13.84,123015
2023-10-19,13.66,13.715,12.905,13.155,276486
2023-10-20,13.13,13.78,13.13,13.43,121525
2023-10-23,13.18,13.58,13.045,13.455,77347
2023-10-24,13.595,14.285,13.595,14.04,108579
2023-10-25,13.96,13.98,13.615,13.71,48708
2023-10-26,13.75,13.76,13.415,13.505,57758
2023-10-27,13.58,13.615,13.02,13.145,52525
2023-10-30,13.2,13.26,12.59,12.8,130155
2023-10-31,12.88,13.895,12.85,13.79,259877
2023-11-01,13.78,13.78,13.01,13.01,122594
2023-11-02,13.45,13.695,13.29,13.66,98449
2023-11-03,13.98,14.37,13.84,13.865,80846
2023-11-06,13.99,14.04,13.5,13.53,91379
2023-11-07,13.415,13.78,13.23,13.64,45163
2023-11-08,13.51,13.745,13.28,13.28,47227
2023-11-09,13.31,13.31,12.7,12.715,94173
2023-11-10,12.75,12.965,12.36,12.55,104516
2023-11-13,12.495,12.495,11.85,12.14,125253
2023-11-14,12.73,13.37,12.7,12.91,192018
2023-11-15,13.105,13.5,13.04,13.27,115342
2023-11-16,13.09,13.13,12.525,12.54,74186
2023-11-17,12.615,13.05,12.56,13.04,68597
2023-11-20,13.04,13.2,12.8,12.81,52028
2023-11-21,12.69,12.72,12.265,12.56,105678
2023-11-22,12.53,12.705,12.2,12.29,52134
2023-11-24,12.245,12.4,12.18,12.23,39712
2023-11-27,12.13,12.31,11.9,11.9,158935
2023-11-28,11.91,13.55,11.91,13.5,222148
2023-11-29,15.5,17.55,14.71,16.235,911477
2023-11-30,16.205,16.3,14.325,14.54,233003
2023-12-01,14.51,15.95,14.51,15.29,141113
2023-12-04,15.29,17.4,14.95,16.98,186227
2023-12-05,16.235,16.52,14.875,14.91,297849
2023-12-06,15.36,15.675,14.645,14.84,211108
2023-12-07,13.695,16.5,13.62,16.37,218568
2023-12-08,15.9,16.465,15.48,15.55,190934
2023-12-11,15.44,15.68,15,15.05,81591
2023-12-12,15.14,15.345,14.85,15.215,74599
2023-12-13,15.195,16.785,15.195,16.7,168702
2023-12-14,17.145,17.87,16.85,17.455,165630
2023-12-15,17.375,17.55,17.035,17.27,155922
2023-12-18,17.195,18.49,17.1,17.86,111564
2023-12-19,17.94,18.44,17.23,17.73,91524
2023-12-20,17.56,18.315,16.89,16.92,68712
2023-12-21,17.17,17.32,16.6,17,110049
2023-12-22,16.69,17.18,16.69,16.98,35852
2023-12-26,17,17.395,16.83,17.37,34550
2023-12-27,17.5,18.36,17.37,18.36,53127
2023-12-28,17.98,18.305,17.87,18.07,51541
2023-12-29,17.92,18.14,17.485,17.535,69526
2024-01-02,17.2,17.575,16.58,16.665,91881
2024-01-03,16.235,16.805,15.91,16.68,76558
2024-01-04,16.44,16.745,16.31,16.365,61565
2024-01-05,16.24,16.51,15.98,15.98,54212
2024-01-08,15.78,16.105,15.71,15.795,42839
2024-01-09,15.55,15.59,15.125,15.16,76627
2024-01-10,15.08,15.75,14.97,15.72,60006
2024-01-11,15.575,15.79,15.245,15.26,68336
2024-01-12,15.23,15.57,14.74,14.75,34654
2024-01-16,14.5,14.505,13.935,13.99,85178
2024-01-17,13.78,14.1,13.72,14.07,29176
2024-01-18,14.205,14.745,14.08,14.31,74177
2024-01-19,14.35,14.59,14.09,14.52,45512
2024-01-22,14.45,15.075,14.45,14.905,37796
2024-01-23,15,15,14.065,14.185,83712
2024-01-24,14.29,14.37,13.84,13.925,48406
2024-01-25,13.95,14.535,13.95,14.52,103287
2024-01-26,14.51,14.64,14.425,14.505,135320
2024-01-29,14.405,14.805,14.37,14.77,116822
2024-01-30,14.595,14.82,14.52,14.565,37088
2024-01-31,14.41,14.825,14.22,14.22,75283
2024-02-01,14.39,14.41,14.05,14.41,37604
2024-02-02,14.16,14.91,14.125,14.725,52956
2024-02-05,14.55,14.55,13.405,13.46,79619
2024-02-06,13.52,14.295,13.45,14.09,74909
2024-02-07,14.185,14.295,13.82,14.075,39045
2024-02-08,14.075,14.435,13.905,14.345,31168
2024-02-09,14.41,15.19,14.4,14.67,51938
2024-02-12,14.58,15.22,14.58,14.72,35451
2024-02-13,14.06,14.375,13.78,14.17,77171
2024-02-14,14.19,14.425,14.06,14.42,35292
2024-02-15,14.52,14.74,14.23,14.5,32042
2024-02-16,14.385,14.455,14.11,14.11,76469
2024-02-20,14,14,13.18,13.49,188642
2024-02-21,13.47,13.625,13.26,13.4,24994
2024-02-22,13.39,13.63,13.34,13.36,23595
2024-02-23,13.34,13.78,13.19,13.51,27237
2024-02-26,13.29,13.735,13.29,13.68,64608
2024-02-27,13.79,14.29,13.78,14.2,50071
2024-02-28,13.9,14.465,13.9,14.24,37188
2024-02-29,14.4,14.65,14.03,14.24,66825
2024-03-01,14.22,15.07,14.005,14.94,74756
2024-03-04,14.92,15.57,14.83,15.23,53823
2024-03-05,14.94,15.265,14.79,15,66167
2024-03-06,15.14,15.855,14.96,15.25,73385
2024-03-07,15.28,15.44,15.065,15.255,27570
2024-03-08,15.44,15.615,14.52,14.65,57727
2024-03-11,14.605,14.9,14.365,14.44,31125
2024-03-12,14.27,14.82,14.12,14.73,50814
2024-03-13,14.71,15.18,14.71,14.87,56642
2024-03-14,14.9,15.02,14.405,14.63,43804
2024-03-15,14.69,14.72,14.22,14.26,50853
2024-03-18,14.24,14.24,13.9,13.91,66312
2024-03-19,13.66,13.855,13.305,13.4,97139
2024-03-20,13.47,13.775,13.215,13.475,83547
2024-03-21,13.515,14.005,13.515,13.66,51922
2024-03-22,13.7,13.89,13.015,13.1,86012
2024-03-25,13.6,15.14,13.6,15.1,129477
2024-03-26,15.16,15.615,14.79,15.52,188549
2024-03-27,13,13.59,12.815,13.17,311555
2024-03-28,13.11,13.11,12.48,12.525,199838
2024-04-01,12.62,12.62,11.55,12,163164
2024-04-02,11.73,11.985,11.28,11.28,113366
2024-04-03,11.24,11.49,10.91,11.39,86312
2024-04-04,11.54,11.81,11.4,11.515,140946
2024-04-05,11.22,11.465,11,11.26,231411
2024-04-08,11.26,11.28,10.86,10.86,56745
2024-04-09,10.83,11.15,10.81,11.02,41084
2024-04-10,10.9,11.03,10.765,10.84,59633
2024-04-11,10.92,11.385,10.81,11.29,69169
2024-04-12,11.17,11.17,10.765,10.77,47573
2024-04-15,10.82,10.82,10.06,10.07,99028
2024-04-16,9.97,10.45,9.97,10.37,67368
2024-04-17,10.56,10.56,10.3,10.31,34793
2024-04-18,10.32,10.62,10.28,10.31,28140
2024-04-19,10.29,10.475,10.27,10.42,45843
2024-04-22,10.35,10.35,10.01,10.02,47241
2024-04-23,10.1,10.27,10.03,10.16,47997
2024-04-24,10.19,10.94,10.165,10.925,84527
2024-04-25,10.66,11.205,10.495,11.2,69955
2024-04-26,11.18,12.18,11.12,11.9,81365
2024-04-29,11.83,11.955,11.19,11.265,54227
2024-04-30,11.07,11.26,10.925,11.095,20502
2024-05-01,11.1,11.295,10.71,10.925,24316
2024-05-02,11.23,12.85,11.01,12.785,127201
2024-05-03,12.4,17.41,12.38,16.5,659200
2024-05-06,15.07,17.34,13.625,16.295,2081148
2024-05-07,15.93,17.28,14.95,16.3,274155
2024-05-08,15.825,17.23,15.36,15.91,167631
2024-05-09,15.81,18.455,15.38,18.03,373186
2024-05-10,17.965,20.19,16.94,17.46,497954
2024-05-13,26.34,38,24.79,30.475,1836025
2024-05-14,64.83,64.83,36.08,49.25,2467817
2024-05-15,40.7,42.31,31.26,39.555,1115324
2024-05-16,34.14,35.16,27.68,27.695,364939
2024-05-17,21.86,22.39,19.71,22.22,2097135
2024-05-20,21.53,23.29,19,23.11,1117844
2024-05-21,22.275,22.8,20.05,22.13,2109406
2024-05-22,21.465,22.235,20.77,21.12,2669056
2024-05-23,21.225,21.32,18.27,18.335,907354
2024-05-24,18.415,19.68,17.7,19.045,923236
2024-05-28,23.02,26.575,21.23,23.705,757764
2024-05-29,22.31,22.81,21.065,21.24,362776
2024-05-30,21.07,22.69,20.12,22.59,97135
2024-05-31,22.615,23.72,21.73,23.07,174554
2024-06-03,40.19,40.36,26.51,27.84,910902
2024-06-04,26.39,28,25.21,26.53,452067
2024-06-05,26.305,31.775,26.145,31.49,399310
2024-06-06,31.57,47.5,31.33,46.525,1491297
2024-06-07,37.69,47.99,26.205,28.24,6122655
2024-06-10,28.945,29.325,23.06,24.84,4305320
2024-06-11,24.44,30.87,22.805,30.455,3092748
2024-06-12,29.225,33.63,24.86,25.465,1029558
2024-06-13,26.565,29.57,25.56,29.08,761261
2024-06-14,29.29,30.65,27.41,28.75,426114
2024-06-17,28.455,29.11,23.8,25.24,543059
2024-06-18,24.685,25.94,23.61,24.72,179812
2024-06-20,24.29,25.89,23.72,25.41,176600
2024-06-21,25.46,25.71,23.55,23.94,143966
2024-06-24,23.42,24.76,23.285,23.58,108098
2024-06-25,23.705,24.95,22.56,24.94,108440
2024-06-26,24.59,25.35,24.07,24.18,59647
2024-06-27,24.19,26.66,24.1,25.12,361079
2024-06-28,25.055,26.14,24.33,24.61,175019
2024-07-01,23.3,23.77,22.32,23.33,235724
2024-07-02,23.31,24.3,23.21,24,76438
2024-07-03,24.16,24.87,23.7,24.38,48425
2024-07-05,24.47,25.045,23.85,24.145,43773
2024-07-08,24.16,25.11,23.9,24.48,62184
2024-07-09,24.66,25.085,24.05,24.59,31419
2024-07-10,24.945,26.44,24.94,24.98,150535
2024-07-11,25.54,25.96,25.03,25.485,40281
2024-07-12,25.76,26.84,25.48,26.085,72099
2024-07-15,25.87,27.19,25.66,26.97,79117
2024-07-16,27.7,28.82,27.4,28.52,79408
2024-07-17,28.4,29.75,27.24,27.99,157008
2024-07-18,28.1,28.37,25.63,25.85,115199
2024-07-19,25.73,26.39,24.91,24.96,82368
2024-07-22,24.84,25.96,24.47,25.27,70019
2024-07-23,25.22,25.66,24.92,25.5,40977
2024-07-24,25.27,25.4,23.95,24.035,71338
2024-07-25,23.59,24.53,23.4,23.94,74537
2024-07-26,24.355,24.75,24.12,24.14,47584
2024-07-29,24.215,24.36,23.55,23.55,35834
2024-07-30,23.77,23.85,22.34,22.41,115012
2024-07-31,22.63,23.43,22.63,22.73,70426
2024-08-01,23.05,23.09,21.58,21.7,84831
2024-08-02,21.07,21.55,20.49,21.08,79333
2024-08-05,18.84,20.79,18.84,20.65,106220
2024-08-06,21.01,21.54,20.32,21.28,46980
2024-08-07,21.18,21.4,20.4,20.84,67277
2024-08-08,21.06,21.87,20.82,21.74,51376
2024-08-09,21.48,22.16,21.48,21.94,38376
2024-08-12,22.17,22.24,21.47,21.98,50979
2024-08-13,22.21,22.35,21.87,22.27,31209
2024-08-14,22.59,22.66,21.81,21.98,36645
2024-08-15,22.215,22.82,21.99,22.58,89689
2024-08-16,22.4,22.68,22.26,22.37,53543
2024-08-19,22.46,23.09,22.43,22.68,55745
2024-08-20,22.39,22.5,22.02,22.29,58495
2024-08-21,22.45,22.63,22.22,22.51,40980
2024-08-22,22.54,22.75,22.11,22.12,45257
2024-08-23,22.35,22.61,22.195,22.195,56834
2024-08-26,22.21,22.38,21.33,21.33,58359
2024-08-27,21.015,21.25,20.66,20.73,69088
2024-08-28,20.85,21.04,19.89,19.91,84516
2024-08-29,20.575,22.43,20.5,21.5,314542
2024-08-30,21.84,23.47,21.75,23.43,157514
2024-09-03,24.12,24.52,22.83,23.135,71854
2024-09-04,22.935,23.7,22.11,22.13,95801
2024-09-05,22.33,22.68,21.66,22.32,86508
2024-09-06,22.47,24.47,21.81,23.9,264796
2024-09-09,23.27,25.01,23.17,24.25,406038
2024-09-10,24.71,24.74,23.14,23.46,232902
2024-09-11,20.75,21.035,19.32,20.645,1749389
2024-09-12,20.475,20.71,20,20.395,478586
2024-09-13,20.43,20.9,20.35,20.66,398400
2024-09-16,20.445,20.51,19.93,20.11,146902
2024-09-17,20.3,20.545,19.93,20.14,425246
2024-09-18,20.13,20.23,19.43,19.61,416663
2024-09-19,20.02,20.02,19.47,19.5,237733
2024-09-20,19.54,22.02,19.5,21.92,447333
2024-09-23,21.57,22.54,21.26,22.28,188825
2024-09-24,22.6,22.71,21.54,22.62,201961
2024-09-25,22.3,22.78,22.07,22.165,109849
2024-09-26,22.46,22.63,21.9,22.27,81176
2024-09-27,22.29,23.09,21.98,22.49,87351
2024-09-30,22.3,23.64,22.18,22.93,135144
2024-10-01,22.96,23.08,21.82,21.97,107594
2024-10-02,21.8,22.285,21.41,21.48,100929
2024-10-03,21.46,21.75,21.12,21.2,49247
2024-10-04,21.525,21.965,21.29,21.35,127707
2024-10-07,21.37,21.51,20.84,20.95,81459
2024-10-08,21,21.25,20.53,20.68,60158
2024-10-09,20.42,20.73,20.3,20.49,65391
2024-10-10,20.56,21.03,20.41,20.9,70633
2024-10-11,20.76,21.22,20.72,20.81,83307
2024-10-14,20.76,21.65,20.47,21.34,79805
2024-10-15,21.31,21.67,20.985,21.29,78255
2024-10-16,21.08,21.725,21.03,21.68,65284
2024-10-17,21.53,21.65,21.25,21.415,46072
2024-10-18,21.42,21.59,20.985,21.25,102534
2024-10-21,21.135,21.21,20.67,20.7,66460
2024-10-22,20.78,20.93,20.44,20.93,50340
2024-10-23,20.78,20.92,20.37,20.52,31888
2024-10-24,20.72,20.81,20.49,20.63,47455
2024-10-25,20.7,21.41,20.55,20.58,78916
2024-10-28,20.815,22.77,20.74,22.75,197271
2024-10-29,22.685,23.195,22.12,22.71,145229
2024-10-30,23.25,24.54,22.76,23.25,150940
2024-10-31,22.85,23,22.06,22.18,81551
2024-11-01,22.58,23.01,22.09,22.42,73315
2024-11-04,22.36,22.65,21.9,22.32,69062
2024-11-05,22.41,23.19,22.38,23,93167
2024-11-06,23.39,23.82,22.92,23.1,93923
2024-11-07,23.07,23.62,22.83,23.45,66952
2024-11-08,23.4,25.38,23.26,24.91,237020
2024-11-11,25.2,28.04,24.65,27.25,324043
2024-11-12,26.13,27.1,24.95,26.82,211085
2024-11-13,26.54,28.21,26.27,26.47,224368
2024-11-14,27.275,28.24,26.8,27.35,139687
2024-11-15,27.885,28.59,26.35,26.58,168991
2024-11-18,26.675,27.15,25.88,26.44,90786
2024-11-19,25.905,27.59,25.74,27.58,179892
2024-11-20,27.3,29.8,27.3,28.45,289956
2024-11-21,29.02,29.16,27.19,27.83,147310
2024-11-22,27.945,28.46,27.45,27.93,113187
2024-11-25,28.25,29.765,27.96,29.7,203143
2024-11-26,29.355,32.09,28.82,30.33,266041
2024-11-27,30.79,31.53,30.51,30.89,320031
2024-11-29,31.08,31.08,28.87,29.01,175655
2024-12-02,28.9,29.35,26.75,27.27,223131
2024-12-03,26.87,27.57,26.82,27.46,109054
2024-12-04,27.105,27.82,26.79,27.06,99878
2024-12-05,27.15,30.87,26.16,28.62,845096
2024-12-06,29.09,29.34,28.11,29.08,375054
2024-12-09,29.04,29.85,27.75,27.95,244579
2024-12-10,27.865,28.39,26.87,26.91,231385
2024-12-11,27.68,30.16,27.67,29,215951
2024-12-12,28.93,29.6,28.63,28.73,97749
2024-12-13,28.7,28.83,27.93,28,116118
2024-12-16,27.7,29.56,27.28,29.43,194823
2024-12-17,30,31.87,29.73,31.29,261331
2024-12-18,30.93,31.69,28.37,28.59,192779
2024-12-19,29.235,30.56,28.83,29.03,150689
2024-12-20,28.59,30.5,28.325,29.85,182700
2024-12-23,29.835,30.74,29.835,30.215,36681
2024-12-24,31.03,31.57,30.59,31.1,63684
2024-12-26,32.33,34.37,31.6,33,218726
2024-12-27,32.385,33.015,30.76,32.2,129315
2024-12-30,31.795,32.84,31.64,32,108366
2024-12-31,32.21,32.41,31.12,31.32,72547
2025-01-02,31.815,32.03,30.38,30.72,120529
2025-01-03,30.78,32.07,30.6,31.61,88482
2025-01-06,31.715,33.46,30.77,32.81,156937
2025-01-07,32.63,34.38,31.76,33.35,202604
2025-01-08,32.905,33.325,32.45,32.96,114542
2025-01-10,32.52,32.92,31.4,32.28,141583
2025-01-13,31.49,31.77,30.93,31.04,65120
2025-01-14,31.19,31.65,27.57,27.885,244278
2025-01-15,28.83,29.31,27.84,27.97,119868
2025-01-16,27.86,28.12,27.41,27.7,107118
2025-01-17,27.7,28.78,27.02,27.53,105015
2025-01-21,27.45,27.56,26.35,27.5,120751
2025-01-22,27.47,27.99,27.31,27.66,108924
2025-01-23,27.76,29.25,27.71,28.32,171375
2025-01-24,28.35,28.65,27.63,27.79,66155
2025-01-27,26.845,27.67,26.845,26.99,76531
2025-01-28,27.1,27.58,26.67,27.45,46389
2025-01-29,27.43,27.69,27.08,27.475,55735
2025-01-30,28.02,28.22,27.75,27.99,48544
2025-01-31,28.03,28.06,26.94,26.94,60115
2025-02-03,25.59,26.52,25.55,25.86,98764
2025-02-04,25.93,26.235,25.82,25.9,87425
2025-02-05,25.725,25.73,24.9,24.92,56085
2025-02-06,24.95,25.295,24.59,24.81,94209
2025-02-07,24.95,25.02,24.63,24.71,72943
2025-02-10,25.575,27.23,25.34,27.14,193947
2025-02-11,26.805,27.75,26.49,26.52,117098
2025-02-12,26.29,26.39,25.62,25.98,60269
2025-02-13,25.81,26.39,25.81,26.33,51072
2025-02-14,28.95,28.95,26.91,27,230220
2025-02-18,27,27.56,26.71,26.97,78840
2025-02-19,26.6,26.95,25.94,26,48065
2025-02-20,25.82,27.45,25.79,27,114910
2025-02-21,27.305,27.55,26.16,26.43,115018
2025-02-24,26.16,26.19,24.95,25.015,106352
2025-02-25,24.94,25.28,23.83,24.44,196863
2025-02-26,24.71,25.205,24.495,24.62,60965
2025-02-27,25.25,25.365,24.16,24.49,98319
2025-02-28,24.475,25.09,24.21,25.07,80820
2025-03-03,25.4,25.42,24.18,24.41,120486
2025-03-04,23.81,24.84,23.45,24.31,196751
2025-03-05,24.45,25.155,24.125,25.05,88677
2025-03-06,24.72,24.99,24.05,24.21,86646
2025-03-07,24.005,24.34,23.54,24.01,78925
2025-03-10,23.45,23.54,22.27,22.44,157769
2025-03-11,22.39,22.97,22.1,22.61,97926
2025-03-12,23,23.2,21.92,21.96,68006
2025-03-13,21.97,22.2,21.58,21.94,63060
2025-03-14,22.32,23.135,22.32,23.03,77115
2025-03-17,23.225,23.72,22.985,23.48,53938
2025-03-18,23.32,23.6,23.145,23.31,44080
2025-03-19,23.3,23.98,23.285,23.69,49229
2025-03-20,23.64,24.1,23.52,23.55,40071
2025-03-21,23.81,24.81,23.665,24.76,104056
2025-03-24,25.4,25.825,25.19,25.6,112540
2025-03-25,25.74,25.74,25,25.44,177181
2025-03-26,28.86,29.79,27.35,28.38,783467
2025-03-27,25.865,26.27,21.165,22.085,3920820
2025-03-28,21.89,22.76,21.72,21.74,612628
2025-03-31,21.44,22.62,20.8,22.32,407185
2025-04-01,22.77,23.24,21.98,22.63,329233
2025-04-02,22.485,23.01,22.27,22.68,216809
2025-04-03,21.52,21.77,21.08,21.12,327802
2025-04-04,21.43,23.84,20.79,23.45,462661
2025-04-07,22.755,25.01,22.41,24.28,325157
2025-04-08,24.88,24.92,22.99,23.42,393593
2025-04-09,23.49,25.45,23.26,25.39,481111
2025-04-10,24.96,26.16,24.42,25,273441
2025-04-11,25.58,26.43,25.26,26.39,273553
2025-04-14,26.575,27.13,25.68,26.96,245439
2025-04-15,26.975,27.38,26.625,26.71,164496
2025-04-16,26.435,26.63,25.735,26.23,180612
2025-04-17,26.355,27.16,26.33,26.82,176549
2025-04-21,26.78,26.94,25.79,26.78,175983
2025-04-22,26.96,27.93,26.91,27.79,227003
2025-04-23,28.18,28.19,26.96,27.08,171043
2025-04-24,27.18,27.555,26.86,27.11,163767
2025-04-25,27.15,27.79,27.15,27.47,116286
2025-04-28,27.32,27.58,26.99,27.58,97611
2025-04-29,27.45,27.94,27.275,27.28,104896
2025-04-30,26.92,27.925,26.795,27.84,184453
2025-05-01,27.95,28.33,27.42,27.44,165513
2025-05-02,27.725,27.9,27.17,27.47,153201
2025-05-05,27.33,27.36,26.35,26.605,165134
2025-05-06,26.44,26.44,25.665,26.075,137454
2025-05-07,26.13,26.335,25.89,26.02,105866
2025-05-08,26.34,26.99,26.185,26.77,115087
2025-05-09,26.81,27.71,26.78,27.54,247800
2025-05-12,28.15,28.155,27.29,28.03,148979
2025-05-13,28.08,28.855,28.08,28.415,318335
2025-05-14,28.435,29.37,28.31,28.725,274451
2025-05-15,28.51,28.63,27.44,28.605,202114
2025-05-16,28.67,29.05,28.33,28.46,144858
2025-05-19,27.82,28.19,27.71,27.9,81453
2025-05-20,27.955,28.77,27.87,28.53,128895
2025-05-21,28.58,29.18,28.03,28.06,168549
2025-05-22,28.6,30.995,28.56,30.9,357670
2025-05-23,30.545,33.21,30.545,33.05,657645
2025-05-27,33.97,35.735,33.66,35.01,850349
2025-05-28,35.78,35.78,30.735,31.2,973599
2025-05-29,31.17,31.34,29.32,29.59,369430
2025-05-30,29.24,30.47,29.24,29.75,181891
2025-06-02,30.04,30.865,29.76,30.65,167872
2025-06-03,30.795,31.05,30.03,30.115,114898
2025-06-04,29.92,30.94,29.34,29.97,142647
2025-06-05,29.765,30.58,29.25,29.44,135603
2025-06-06,29.65,30,29.55,29.59,83892
2025-06-09,29.92,30.47,29.46,30.32,100102
2025-06-10,30.545,30.545,29.67,30.16,288069
2025-06-11,28.99,29.315,28.44,28.51,346964
2025-06-12,23.59,24.3,21.54,22.14,4415181
2025-06-13,22.18,23.14,22.11,22.15,741092
2025-06-16,22.77,23.45,22.415,23.3,636994
2025-06-17,23.015,23.77,22.8,22.98,382433
2025-06-18,23.06,23.94,22.965,23.46,302052
2025-06-20,23.485,23.71,23.13,23.46,215608
2025-06-23,23.02,23.33,22.45,22.85,185999
2025-06-24,23.12,23.32,22.865,23.285,151763
2025-06-25,23.45,23.69,23.07,23.53,184796
2025-06-26,23.32,24.06,23.32,23.86,161774
2025-06-27,23.975,24.26,23.47,23.59,140204
2025-06-30,23.595,24.39,23.55,24.385,335879
2025-07-01,24.07,24.48,23.69,23.7,194422
2025-07-02,23.94,24.09,23.765,23.935,192825
2025-07-03,23.84,24.15,23.49,23.66,118089
2025-07-07,23.2,23.22,22.535,22.6,600959
2025-07-08,22.8,22.94,22.58,22.76,227438
2025-07-09,22.82,23.58,22.54,23.18,324917
2025-07-10,23.035,23.28,23.015,23.09,124148
2025-07-11,23.32,24.04,23.275,23.35,212940
2025-07-14,23.49,23.835,23.45,23.71,175737
2025-07-15,23.665,23.665,23.175,23.21,128463
2025-07-16,23.44,23.84,23.32,23.68,153179
2025-07-17,23.57,23.7,23.38,23.4,163326
2025-07-18,23.475,23.495,23.145,23.28,209104
2025-07-21,23.32,24.415,23.06,24.23,344512
2025-07-22,24.16,24.67,23.59,24.25,266679
2025-07-23,24.45,24.74,23.81,23.95,242680
2025-07-24,23.815,23.91,23.47,23.54,114184
2025-07-25,23.515,23.58,23.26,23.35,137928
2025-07-28,23.32,23.555,22.95,22.995,142101
2025-07-29,23.01,23.025,22.53,22.56,167857
2025-07-30,22.53,22.78,22.27,22.46,170242
2025-07-31,22.34,22.91,22.31,22.45,270551
2025-08-01,22.325,22.6,21.93,22.11,185670
2025-08-04,22.17,22.66,22.09,22.63,125236
2025-08-05,22.505,23.015,22.48,22.81,147674
2025-08-06,22.82,22.83,22.425,22.81,114089
2025-08-07,22.98,23.12,22.49,22.67,88579
2025-08-08,22.63,22.81,22.225,22.27,114761
2025-08-11,22.425,22.805,22.33,22.41,119148
2025-08-12,22.485,22.94,22.47,22.92,97494
2025-08-13,23.015,23.19,22.83,23.02,125000
2025-08-14,22.9,22.9,22.575,22.89,88745
2025-08-15,22.925,23.015,22.665,22.935,137464
2025-08-18,22.93,23.17,22.905,23.12,142686
2025-08-19,23.1,23.17,22.7,22.83,97961
2025-08-20,22.73,22.75,22.375,22.64,127935
2025-08-21,22.47,22.61,22.39,22.56,100946
2025-08-22,22.65,23.02,22.62,22.9,168141
2025-08-25,22.88,22.88,22.57,22.685,109667
2025-08-26,22.72,22.8,22.28,22.31,177336
2025-08-27,22.5,22.575,22.27,22.51,187397
2025-08-28,22.59,22.89,22.375,22.79,132077
2025-08-29,22.74,22.815,22.42,22.42,185644
2025-09-02,22.355,23.41,22.2,23.4,261668
2025-09-03,23.48,23.71,22.685,22.9,306803
2025-09-04,22.79,22.84,22.375,22.375,261262
2025-09-05,22.555,22.78,22.29,22.6,373510
2025-09-08,22.69,23.46,22.57,23.24,297284
2025-09-09,23.06,23.62,22.94,23.6,586840
2025-09-10,25.12,25.43,24.07,24.4,926686
2025-09-11,24.03,24.84,23.99,24.84,332116
2025-09-12,24.88,25.135,24.75,24.95,289744
2025-09-15,25.005,25.8,25.005,25.57,348579
2025-09-16,25.67,26.42,25.61,26.335,377207
2025-09-17,26.35,26.45,25.59,26.12,313537
2025-09-18,26.215,26.41,25.84,25.88,220061
2025-09-19,25.845,26.38,25.84,26.06,231125
2025-09-22,25.99,27.315,25.99,26.79,454003
2025-09-23,26.93,27.19,26.59,26.79,308638
2025-09-24,26.8,27.03,26.22,26.25,221588
2025-09-25,25.725,26.34,25.29,25.29,368244
2025-09-26,25.515,26.78,25.515,26.41,273612
2025-09-29,27.12,27.205,26.795,27.205,211743
2025-09-30,27.3,27.335,26.81,27.28,154838
2025-10-01,27.46,27.77,27.19,27.7,302565
2025-10-02,27.98,28.03,26.74,27.225,450412
2025-10-03,26.11,26.98,25.16,25.34,410567
2025-10-06,25.62,25.82,25.01,25.03,321736
2025-10-07,25,25.24,24.305,24.325,365832
2025-10-08,24.31,25.05,24.15,24.41,248140
2025-10-09,24.54,24.72,23.87,24.04,260064
2025-10-10,24.03,24.195,23.28,23.29,194289
2025-10-13,23.44,23.68,23.12,23.595,128259
2025-10-14,23.1,23.66,22.885,23.24,116658
2025-10-15,23.41,23.65,23.245,23.38,121389
2025-10-16,23.38,23.52,22.865,22.96,205317
2025-10-17,22.95,23.38,22.92,23.07,193277
2025-10-20,23.22,23.385,23.135,23.38,153502
2025-10-21,23.045,23.33,22.81,22.81,220988
2025-10-22,22.72,23.32,22.24,22.49,454113
2025-10-23,22.625,23.82,22.475,23.65,330869
2025-10-24,23.45,23.58,23.24,23.28,169069
2025-10-27,24.34,24.34,23.445,23.54,255846
2025-10-28,23.41,23.62,23.225,23.29,200463
2025-10-29,23.235,23.4,22.88,23.4,201427
2025-10-30,23.195,23.25,22.56,22.58,207786
2025-10-31,22.775,22.795,22.31,22.31,234803
2025-11-03,22.245,22.4,21.96,22.11,221865
2025-11-04,21.84,22.265,21.6,21.98,173681
2025-11-05,21.95,22.33,21.89,22.005,167442
2025-11-06,21.95,21.97,21.355,21.37,220441
2025-11-07,21.105,21.73,20.95,21.49,239605
2025-11-10,21.655,21.75,21.3,21.51,144189
2025-11-11,21.4,21.615,21.225,21.44,129335
2025-11-12,21.49,21.73,21.255,21.38,136316
2025-11-13,21.265,21.32,20.89,20.96,219353
2025-11-14,20.69,20.96,20.42,20.66,209516
2025-11-17,20.575,20.83,20.27,20.51,196039
2025-11-18,20.36,20.67,20.19,20.48,250026
2025-11-19,20.41,20.5,20.115,20.41,229374
2025-11-20,20.575,20.66,19.93,19.94,247143
2025-11-21,20.03,20.63,19.995,20.16,203771
2025-11-24,20.21,20.55,20.14,20.5,221309
2025-11-25,20.54,21.34,20.35,21.07,224566
2025-11-26,21.3,21.83,21.135,21.64,180105
2025-11-28,22.225,22.75,22.06,22.54,295256
2025-12-01,22.17,23.055,22.145,22.78,289323
2025-12-02,22.775,23.35,22.5,22.82,271283
2025-12-03,22.935,23.28,22.78,23.24,180966
2025-12-04,23.28,23.46,22.66,22.98,235822
2025-12-05,22.885,23.005,22.56,22.98,201232
2025-12-08,23.05,23.53,23.03,23.36,187407
2025-12-09,23.18,23.495,23.11,23.14,264592
2025-12-10,21.56,22.45,21.51,22.12,274478
2025-12-11,22.055,22.17,21.53,21.875,222735
2025-12-12,21.95,21.95,21.09,21.22,276221
2025-12-15,21.1,22.565,21.1,22.08,324609
2025-12-16,22.14,22.34,21.82,22.285,187727
2025-12-17,22.3,23.165,22.275,23.02,292660
2025-12-18,22.93,23.09,22.535,22.56,185757
2025-12-19,22.58,22.625,22.29,22.54,186521
2025-12-22,22.58,22.74,21.705,21.73,151198
2025-12-23,21.6,21.68,21.145,21.39,166736
2025-12-24,21.24,21.56,21.24,21.52,79737
2025-12-26,21.43,21.43,20.955,21.09,137419
2025-12-29,21.08,21.285,20.46,20.51,187416
2025-12-30,20.525,20.675,20.35,20.52,160392
2025-12-31,20.475,20.49,19.995,20.09,196740
2026-01-02,20.25,20.86,20.16,20.62,173816
2026-01-05,20.625,20.81,20.34,20.72,214576
2026-01-06,20.63,20.895,20.57,20.67,164337
2026-01-07,21.65,22.01,21.19,21.29,303534
2026-01-08,21.14,21.44,21.1,21.42,120999
2026-01-09,21.24,21.71,21.055,21.23,163346
2026-01-12,21.025,21.3,20.96,20.99,140559
2026-01-13,20.87,21.19,20.845,21.03,109636
2026-01-14,21.01,21.075,20.8,21.01,171850
2026-01-15,20.955,21.42,20.88,21.375,127823
2026-01-16,21.32,21.45,21.06,21.1,187013
2026-01-20,20.795,21.245,20.705,21.1,169386
2026-01-21,21.69,21.92,21.36,21.68,257271
2026-01-22,22.39,23.5,22.19,23.15,486548
2026-01-23,23.12,23.155,22.29,22.99,303807
2026-01-26,23.45,25,22.96,24.01,1191381
2026-01-27,23.88,24.49,23.24,24.21,506907
2026-01-28,24.23,24.235,23.37,23.61,361202
2026-01-29,23.52,23.52,22.705,22.79,235024
2026-01-30,23.335,24.005,23.31,23.93,523136
2026-02-02,24.26,25.92,24.06,25.83,1124516
2026-02-03,25.19,25.19,23.85,24.52,584625
2026-02-04,24.43,25.15,24.095,24.98,269056
2026-02-05,24.78,25.485,24.56,24.68,269348
2026-02-06,24.845,25.39,24.46,25,237195
2026-02-09,24.885,24.92,24.21,24.635,164869
2026-02-10,24.59,25.155,24.03,24.815,167268
2026-02-11,24.74,24.8,24.045,24.19,152199
2026-02-12,24.245,24.35,23.36,23.51,201775
2026-02-13,23.68,24.08,23.45,23.575,151368
2026-02-17,23.59,23.81,23.23,23.27,156235
2026-02-18,23.15,24.03,23.1,23.9,213059
2026-02-19,23.71,24.08,23.62,23.905,144247
2026-02-20,23.53,23.8,23.4,23.44,180074
2026-02-23,23.28,23.69,22.79,23.64,160419
2026-02-24,23.65,24.325,23.58,23.77,195476
2026-02-25,23.85,24.295,23.75,24.22,157623
2026-02-26,24.25,24.53,23.72,24.09,206703
2026-02-27,23.9,24.215,23.71,24.04,163572
2026-03-02,23.55,24.2,23.41,24.19,132355
2026-03-03,23.93,24.16,23.45,23.83,114537
2026-03-04,23.97,24.16,23.77,23.85,155516
2026-03-05,23.84,24.215,23.54,23.89,175833
2026-03-06,23.78,24.39,23.63,24.36,155859
2026-03-09,24.035,24.97,23.96,24.79,211401
2026-03-10,24.575,24.99,24.33,24.37,154902
2026-03-11,24.22,24.68,23.96,24.46,187081
2026-03-12,24.37,24.64,24.105,24.42,245494
2026-03-13,24.45,24.72,23.5,23.55,243130
2026-03-16,23.62,23.81,23.265,23.275,248115
2026-03-17,23.3,23.79,23.3,23.58,153087
2026-03-18,23.57,23.62,23.29,23.36,113045
2026-03-19,22.965,23.35,22.74,23.23,286587
2026-03-20,23.175,23.175,22.38,22.55,172188
2026-03-23,22.725,23.145,22.57,23.03,226187
2026-03-24,22.75,23.1,22.46,22.825,353299
2026-03-25,22.855,23.475,22.46,23.11,217314
2026-03-26,22.9,23.2,22.455,22.55,192608
2026-03-27,22.6,22.73,22.03,22.08,212635
2026-03-30,22.33,22.62,22.075,22.27,237224
2026-03-31,22.42,23.1,22.4,23.06,242061
2026-04-01,23.225,23.34,22.725,22.75,163494
2026-04-02,22.585,23.42,22.585,23.36,227897
2026-04-06,23.45,23.615,23.08,23.08,132275
2026-04-07,23.04,23.54,22.68,23.44,331970
2026-04-08,23.68,23.68,22.895,22.93,210373
2026-04-09,22.89,23.35,22.83,22.885,133459
2026-04-10,22.98,23.25,22.52,23.25,296290
2026-04-13,22.91,23.43,22.73,23.4,160822
2026-04-14,23.455,24.3,23.445,24.06,306197
2026-04-15,24.13,24.85,24.06,24.8,289333
2026-04-16,24.94,25.49,24.55,25.18,451966
2026-04-17,25.2,25.29,24.38,24.54,423906
2026-04-20,24.175,25.04,24.09,24.92,306883
2026-04-21,25.075,25.33,24.44,24.46,307465
2026-04-22,24.775,25.735,24.77,25.655,402547
2026-04-23,25.8,26,24.75,25.01,338894
2026-04-24,25.21,25.24,24.73,24.95,160329
2026-04-27,25.1,25.63,24.94,25.42,325075
2026-04-28,25.355,25.4,24.8,25.09,189275
2026-04-29,24.935,24.935,24,24.515,291733
2026-04-30,24.355,25.075,24.23,24.965,265078
2026-05-01,24.97,26.87,24.91,26.52,642597
2026-05-04,25.11,26.13,23.67,23.84,1196281
2026-05-05,23.18,24.72,22.86,24.24,716297
2026-05-06,24.25,25.435,23.97,25.17,547120
2026-05-07,25.215,25.215,23.8,23.97,357529
2026-05-08,24.18,24.42,23.82,24.27,348204
2026-05-11,24.12,24.35,23.105,23.18,399599
2026-05-12,22.745,23.18,22.325,22.4,532531
2026-05-13,22.305,22.465,21.98,22.09,447857
2026-05-14,22.09,22.35,21.61,21.63,299277
2026-05-15,21.525,22,21.51,21.585,380649
2026-05-18,21.65,22.07,21.43,21.92,307643
2026-05-19,21.94,22.19,21.61,22.1,327825
2026-05-20,22.04,22.73,21.925,22.55,279251
2026-05-21,22.4,22.62,22.22,22.49,150786
2026-05-22,22.45,22.55,21.81,21.96,270418
2026-05-26,21.97,22.18,21.855,21.92,231354
2026-05-27,21.82,21.825,21.49,21.675,210384
2026-05-28,21.68,21.97,21.67,21.67,171188
2026-05-29,21.55,21.595,21.145,21.2,266365
2026-06-01,21.02,21.56,20.895,21.36,244709
2026-06-02,21.21,21.21,20.885,20.93,188603
2026-06-03,23.46,23.67,22.12,22.18,666788
2026-06-04,22.29,23.06,22.2,22.28,273616
2026-06-05,22.15,22.35,21.34,21.795,397581
2026-06-08,21.685,22.27,21.66,22.255,266270
2026-06-09,22.24,22.455,21.93,22.28,265288
2026-06-10,22.06,22.65,21.9,22.43,274493
2026-06-11,22.24,22.39,21.96,22.19,189428
2026-06-12,22.07,22.07,21.5,21.785,226189
2026-06-15,21.705,22.02,21.65,21.75,224156
2026-06-16,21.62,21.64,21.135,21.47,429589
2026-06-17,21.37,21.925,21.235,21.52,204388
2026-06-18,21.47,21.66,21.35,21.49,373110
2026-06-22,21.39,21.61,21.105,21.15,236009
2026-06-23,21.035,21.48,20.975,21.06,212387
2026-06-24,21.27,21.63,21.235,21.445,193333
2026-06-25,21.34,21.39,20.94,21,203269
2026-06-26,20.995,21.84,20.995,21.72,224695
2026-06-29,22,22.145,21.89,22.02,273404
2026-06-30,21.83,22.17,21.705,22.09,152072
2026-07-01,21.91,22.735,21.91,22.63,187627
2026-07-02,22.71,23.1,22.64,22.81,206375
2026-07-06,22.6,22.885,22.335,22.73,245793
2026-07-07,22.78,22.87,21.96,22.2,214613
2026-07-08,22.01,22.105,21.655,21.7,156538
2026-07-09,21.645,21.985,21.56,21.95,144484
2026-07-10,21.98,22.02,21.66,21.66,103200
2026-07-13,21.81,22.34,21.73,22.03,107223
2026-07-14,22.085,22.53,22.085,22.435,177503
2026-07-15,22.59,22.6,22.165,22.26,184912
2026-07-16,22.325,22.51,21.865,21.915,163080
2026-07-17,21.855,22.07,21.69,21.9,229979
2026-07-20,21.865,21.975,21.665,21.76,291319
2026-07-21,21.79,21.9,21.575,21.755,170847
2026-07-22,21.85,21.865,21.55,21.58,287755
2026-07-23,21.48,21.52,21.205,21.36,289536
2026-07-24,21.365,21.5,21.125,21.17,176696
2026-07-27,21.39,21.56,21.285,21.53,244394
2026-07-28,21.565,22.25,21.565,22.16,297029
2026-07-29,22.075,22.115,21.78,21.84,158261
2026-07-30,21.74,21.92,21.62,21.88,135227
2026-07-31,21.91,21.915,21.655,21.715,127184
2026-08-03,20.46,20.46,18.55,19.055,1556516
2026-08-04,19.015,19.29,18.69,19.21,441823
2026-08-05,19.24,19.34,18.94,19.01,329772
2026-08-06,18.86,19.4,18.63,19.225,422926
2026-08-07,19.22,19.22,19.035,19.14,328390
2026-08-10,19.585,19.59,18.75,18.785,412391
2026-08-11,18.705,18.895,18.58,18.83,304456
2026-08-12,18.71,18.71,18.435,18.535,293472
2026-08-13,18.535,18.73,18.34,18.575,216674
2026-08-14,18.61,18.785,18.445,18.65,225514
2026-08-17,18.495,18.6,18.325,18.4,247573
2026-08-18,18.375,18.375,17.925,17.955,307720
2026-08-19,18.08,18.23,17.93,18.02,253481
2026-08-20,17.99,18.1,17.805,18.05,247110
2026-08-21,18.145,18.245,18.005,18.2,274858
2026-08-24,18.3,18.3,17.935,18.03,253016
2026-08-25,17.975,18.09,17.85,18.09,262577
2026-08-26,18.015,18.06,17.855,17.97,249581
2026-08-27,17.99,18.33,17.795,18.265,343207
2026-08-28,18.29,18.31,17.85,17.86,234261
2026-08-31,18.755,18.9,18.215,18.38,426490
2026-09-01,18.235,18.88,18.205,18.795,274249
2026-09-02,18.825,19.035,18.75,18.98,223557
